"","id","year","month","element","VALUE1","MFLAG1","QFLAG1","SFLAG1","VALUE2","MFLAG2","QFLAG2","SFLAG2","VALUE3","MFLAG3","QFLAG3","SFLAG3","VALUE4","MFLAG4","QFLAG4","SFLAG4","VALUE5","MFLAG5","QFLAG5","SFLAG5","VALUE6","MFLAG6","QFLAG6","SFLAG6","VALUE7","MFLAG7","QFLAG7","SFLAG7","VALUE8","MFLAG8","QFLAG8","SFLAG8","VALUE9","MFLAG9","QFLAG9","SFLAG9","VALUE10","MFLAG10","QFLAG10","SFLAG10","VALUE11","MFLAG11","QFLAG11","SFLAG11","VALUE12","MFLAG12","QFLAG12","SFLAG12","VALUE13","MFLAG13","QFLAG13","SFLAG13","VALUE14","MFLAG14","QFLAG14","SFLAG14","VALUE15","MFLAG15","QFLAG15","SFLAG15","VALUE16","MFLAG16","QFLAG16","SFLAG16","VALUE17","MFLAG17","QFLAG17","SFLAG17","VALUE18","MFLAG18","QFLAG18","SFLAG18","VALUE19","MFLAG19","QFLAG19","SFLAG19","VALUE20","MFLAG20","QFLAG20","SFLAG20","VALUE21","MFLAG21","QFLAG21","SFLAG21","VALUE22","MFLAG22","QFLAG22","SFLAG22","VALUE23","MFLAG23","QFLAG23","SFLAG23","VALUE24","MFLAG24","QFLAG24","SFLAG24","VALUE25","MFLAG25","QFLAG25","SFLAG25","VALUE26","MFLAG26","QFLAG26","SFLAG26","VALUE27","MFLAG27","QFLAG27","SFLAG27","VALUE28","MFLAG28","QFLAG28","SFLAG28","VALUE29","MFLAG29","QFLAG29","SFLAG29","VALUE30","MFLAG30","QFLAG30","SFLAG30","VALUE31","MFLAG31","QFLAG31","SFLAG31"
"1","US1TXPS0002",2016,7,"PRCP",NA," "," "," ",NA," "," "," ",NA," "," "," ",NA," "," "," ",NA," "," "," ",NA," "," "," ",NA," "," "," ",48," "," ","N",0," "," ","N",0," "," ","N",0," "," ","N",5," "," ","N",3," "," ","N",10," "," ","N",0," "," ","N",0," "," ","N",0," "," ","N",0," "," ","N",0," "," ","N",0," "," ","N",0," "," ","N",0," "," ","N",0," "," ","N",0," "," ","N",0," "," ","N",10," "," ","N",0,"T"," ","N",0,"T"," ","N",0," "," ","N",3," "," ","N",0," "," ","N"
"2","US1TXPS0002",2016,7,"SNOW",NA," "," "," ",NA," "," "," ",NA," "," "," ",NA," "," "," ",NA," "," "," ",NA," "," "," ",NA," "," "," ",NA," "," "," ",0," "," ","N",0," "," ","N",0," "," ","N",NA," "," "," ",NA," "," "," ",NA," "," "," ",0," "," ","N",0," "," ","N",0," "," ","N",0," "," ","N",0," "," ","N",0," "," ","N",0," "," ","N",0," "," ","N",0," "," ","N",0," "," ","N",0," "," ","N",NA," "," "," ",NA," "," "," ",NA," "," "," ",0," "," ","N",NA," "," "," ",0," "," ","N"
"3","US1TXPS0002",2016,8,"PRCP",0,"T"," ","N",0," "," ","N",0," "," ","N",0,"T"," ","N",0," "," ","N",0," "," ","N",0," "," ","N",0," "," ","N",38," "," ","N",0,"T"," ","N",NA," "," "," ",51," "," ","N",0," "," ","N",10," "," ","N",3," "," ","N",0," "," ","N",NA," "," "," ",NA," "," "," ",NA," "," "," ",NA," "," "," ",NA," "," "," ",NA," "," "," ",NA," "," "," ",NA," "," "," ",NA," "," "," ",333," "," ","N",3," "," ","N",0," "," ","N",0,"T"," ","N",208," "," ","N",18," "," ","N"
"4","US1TXPS0002",2016,8,"SNOW",0," "," ","N",0," "," ","N",0," "," ","N",NA," "," "," ",0," "," ","N",0," "," ","N",0," "," ","N",0," "," ","N",NA," "," "," ",NA," "," "," ",NA," "," "," ",NA," "," "," ",0," "," ","N",NA," "," "," ",NA," "," "," ",0," "," ","N",NA," "," "," ",NA," "," "," ",NA," "," "," ",NA," "," "," ",NA," "," "," ",NA," "," "," ",NA," "," "," ",NA," "," "," ",NA," "," "," ",NA," "," "," ",0," "," ","N",0," "," ","N",NA," "," "," ",NA," "," "," ",NA," "," "," "
"5","US1TXPS0002",2016,9,"PRCP",0," "," ","N",48," "," ","N",0,"T"," ","N",NA," "," "," ",0," "," ","N",0," "," ","N",0," "," ","N",0," "," ","N",0," "," ","N",NA," "," "," ",0," "," ","N",0," "," ","N",41," "," ","N",3," "," ","N",0," "," ","N",0," "," ","N",99," "," ","N",0," "," ","N",0," "," ","N",0," "," ","N",0," "," ","N",0," "," ","N",0," "," ","N",0," "," ","N",224," "," ","N",109," "," ","N",18," "," ","N",0," "," ","N",0," "," ","N",0," "," ","N",NA," "," "," "
"6","US1TXPS0002",2016,9,"SNOW",0," "," ","N",NA," "," "," ",NA," "," "," ",NA," "," "," ",0," "," ","N",0," "," ","N",0," "," ","N",0," "," ","N",0," "," ","N",NA," "," "," ",0," "," ","N",0," "," ","N",NA," "," "," ",NA," "," "," ",0," "," ","N",0," "," ","N",NA," "," "," ",0," "," ","N",0," "," ","N",0," "," ","N",0," "," ","N",0," "," ","N",0," "," ","N",0," "," ","N",NA," "," "," ",NA," "," "," ",NA," "," "," ",0," "," ","N",0," "," ","N",0," "," ","N",NA," "," "," "
"7","US1TXPS0002",2016,10,"PRCP",0," "," ","N",0," "," ","N",0," "," ","N",185," "," ","N",0," "," ","N",0," "," ","N",0," "," ","N",3," "," ","N",117," "," ","N",0," "," ","N",0," "," ","N",0," "," ","N",0," "," ","N",0," "," ","N",0," "," ","N",0," "," ","N",0," "," ","N",0," "," ","N",0," "," ","N",0," "," ","N",0," "," ","N",0," "," ","N",0," "," ","N",NA," "," "," ",NA," "," "," ",NA," "," "," ",NA," "," "," ",NA," "," "," ",NA," "," "," ",NA," "," "," ",NA," "," "," "
"8","US1TXPS0002",2016,10,"SNOW",0," "," ","N",0," "," ","N",0," "," ","N",NA," "," "," ",0," "," ","N",0," "," ","N",0," "," ","N",NA," "," "," ",NA," "," "," ",0," "," ","N",0," "," ","N",0," "," ","N",0," "," ","N",0," "," ","N",0," "," ","N",0," "," ","N",0," "," ","N",0," "," ","N",0," "," ","N",0," "," ","N",0," "," ","N",0," "," ","N",0," "," ","N",NA," "," "," ",NA," "," "," ",NA," "," "," ",NA," "," "," ",NA," "," "," ",NA," "," "," ",NA," "," "," ",NA," "," "," "
"9","US1TXPS0002",2016,11,"PRCP",NA," "," "," ",NA," "," "," ",NA," "," "," ",NA," "," "," ",NA," "," "," ",NA," "," "," ",NA," "," "," ",0," "," ","N",0," "," ","N",0,"T"," ","N",0,"T"," ","N",3," "," ","N",0," "," ","N",0," "," ","N",0," "," ","N",0," "," ","N",0," "," ","N",0," "," ","N",0," "," ","N",0," "," ","N",0," "," ","N",0," "," ","N",0," "," ","N",0," "," ","N",0," "," ","N",0,"T"," ","N",0," "," ","N",0," "," ","N",0," "," ","N",0," "," ","N",NA," "," "," "
"10","US1TXPS0002",2016,11,"SNOW",NA," "," "," ",NA," "," "," ",NA," "," "," ",NA," "," "," ",NA," "," "," ",NA," "," "," ",NA," "," "," ",0," "," ","N",0," "," ","N",NA," "," "," ",NA," "," "," ",NA," "," "," ",0," "," ","N",0," "," ","N",0," "," ","N",0," "," ","N",0," "," ","N",0," "," ","N",0," "," ","N",0," "," ","N",0," "," ","N",0," "," ","N",0," "," ","N",0," "," ","N",0," "," ","N",NA," "," "," ",0," "," ","N",0," "," ","N",0," "," ","N",0," "," ","N",NA," "," "," "
"11","US1TXPS0002",2016,12,"PRCP",NA," "," "," ",0," "," ","N",15," "," ","N",61," "," ","N",48," "," ","N",0," "," ","N",0," "," ","N",0," "," ","N",0," "," ","N",0," "," ","N",0," "," ","N",0," "," ","N",0," "," ","N",0," "," ","N",0," "," ","N",0," "," ","N",0," "," ","N",0," "," ","N",NA," "," "," ",0," "," ","N",0," "," ","N",0," "," ","N",0," "," ","N",0," "," ","N",0," "," ","N",0," "," ","N",0," "," ","N",0," "," ","N",0,"T"," ","N",8," "," ","N",3," "," ","N"
"12","US1TXPS0002",2016,12,"SNOW",NA," "," "," ",0," "," ","N",NA," "," "," ",NA," "," "," ",NA," "," "," ",0," "," ","N",0," "," ","N",0," "," ","N",0," "," ","N",0," "," ","N",0," "," ","N",0," "," ","N",0," "," ","N",0," "," ","N",0," "," ","N",0," "," ","N",0," "," ","N",0," "," ","N",NA," "," "," ",0," "," ","N",0," "," ","N",0," "," ","N",0," "," ","N",0," "," ","N",0," "," ","N",0," "," ","N",0," "," ","N",0," "," ","N",NA," "," "," ",NA," "," "," ",NA," "," "," "
"13","US1TXPS0002",2017,1,"PRCP",0," "," ","N",0,"T"," ","N",0," "," ","N",0," "," ","N",0," "," ","N",0," "," ","N",0," "," ","N",0," "," ","N",0," "," ","N",0," "," ","N",0," "," ","N",0," "," ","N",0," "," ","N",0," "," ","N",147," "," ","N",5," "," ","N",0," "," ","N",0," "," ","N",0," "," ","N",0," "," ","N",0," "," ","N",28," "," ","N",0," "," ","N",0," "," ","N",0," "," ","N",0," "," ","N",0," "," ","N",0," "," ","N",0," "," ","N",0," "," ","N",0," "," ","N"
"14","US1TXPS0002",2017,1,"SNOW",0," "," ","N",NA," "," "," ",0," "," ","N",0," "," ","N",0," "," ","N",0," "," ","N",0," "," ","N",0," "," ","N",0," "," ","N",0," "," ","N",0," "," ","N",0," "," ","N",0," "," ","N",0," "," ","N",NA," "," "," ",NA," "," "," ",0," "," ","N",0," "," ","N",0," "," ","N",0," "," ","N",0," "," ","N",NA," "," "," ",0," "," ","N",0," "," ","N",0," "," ","N",0," "," ","N",0," "," ","N",0," "," ","N",0," "," ","N",0," "," ","N",0," "," ","N"
"15","US1TXPS0002",2017,2,"PRCP",0," "," ","N",0," "," ","N",0," "," ","N",0," "," ","N",0," "," ","N",0," "," ","N",0," "," ","N",0," "," ","N",0," "," ","N",0," "," ","N",0," "," ","N",0," "," ","N",0," "," ","N",0," "," ","N",0," "," ","N",0," "," ","N",0," "," ","N",0," "," ","N",0," "," ","N",0,"T"," ","N",0," "," ","N",0," "," ","N",0," "," ","N",0," "," ","N",0," "," ","N",0," "," ","N",0," "," ","N",0," "," ","N",NA," "," "," ",NA," "," "," ",NA," "," "," "
"16","US1TXPS0002",2017,2,"SNOW",0," "," ","N",0," "," ","N",0," "," ","N",0," "," ","N",0," "," ","N",0," "," ","N",0," "," ","N",0," "," ","N",0," "," ","N",0," "," ","N",0," "," ","N",0," "," ","N",0," "," ","N",0," "," ","N",0," "," ","N",0," "," ","N",0," "," ","N",0," "," ","N",0," "," ","N",NA," "," "," ",0," "," ","N",0," "," ","N",0," "," ","N",0," "," ","N",0," "," ","N",0," "," ","N",0," "," ","N",0," "," ","N",NA," "," "," ",NA," "," "," ",NA," "," "," "
"17","US1TXPS0002",2017,3,"PRCP",0," "," ","N",0," "," ","N",0," "," ","N",0,"T"," ","N",0," "," ","N",0," "," ","N",0," "," ","N",0," "," ","N",10," "," ","N",0," "," ","N",0," "," ","N",0," "," ","N",0," "," ","N",0," "," ","N",0," "," ","N",0," "," ","N",0," "," ","N",0," "," ","N",0," "," ","N",0," "," ","N",0," "," ","N",0," "," ","N",0," "," ","N",0," "," ","N",0," "," ","N",0," "," ","N",0," "," ","N",0," "," ","N",0," "," ","N",0," "," ","N",0," "," ","N"
"18","US1TXPS0002",2017,3,"SNOW",0," "," ","N",0," "," ","N",0," "," ","N",NA," "," "," ",0," "," ","N",0," "," ","N",0," "," ","N",0," "," ","N",NA," "," "," ",0," "," ","N",0," "," ","N",0," "," ","N",0," "," ","N",0," "," ","N",0," "," ","N",0," "," ","N",0," "," ","N",0," "," ","N",0," "," ","N",0," "," ","N",0," "," ","N",0," "," ","N",0," "," ","N",0," "," ","N",0," "," ","N",0," "," ","N",0," "," ","N",0," "," ","N",0," "," ","N",0," "," ","N",0," "," ","N"
"19","US1TXPS0002",2017,4,"PRCP",0," "," ","N",0,"T"," ","N",25," "," ","N",0," "," ","N",0," "," ","N",NA," "," "," ",NA," "," "," ",NA," "," "," ",NA," "," "," ",NA," "," "," ",NA," "," "," ",0," "," ","N",102," "," ","N",0," "," ","N",0," "," ","N",0," "," ","N",0,"T"," ","N",0," "," ","N",0," "," ","N",0," "," ","N",0," "," ","N",0," "," ","N",0," "," ","N",0," "," ","N",NA," "," "," ",NA," "," "," ",NA," "," "," ",NA," "," "," ",NA," "," "," ",NA," "," "," ",NA," "," "," "
"20","US1TXPS0002",2017,4,"SNOW",0," "," ","N",0," "," ","N",NA," "," "," ",0," "," ","N",0," "," ","N",NA," "," "," ",NA," "," "," ",NA," "," "," ",NA," "," "," ",NA," "," "," ",NA," "," "," ",0," "," ","N",NA," "," "," ",0," "," ","N",0," "," ","N",0," "," ","N",0," "," ","N",0," "," ","N",0," "," ","N",0," "," ","N",0," "," ","N",0," "," ","N",0," "," ","N",0," "," ","N",NA," "," "," ",NA," "," "," ",NA," "," "," ",NA," "," "," ",NA," "," "," ",NA," "," "," ",NA," "," "," "
"21","US1TXPS0002",2017,5,"PRCP",0," "," ","N",0," "," ","N",0," "," ","N",0," "," ","N",0," "," ","N",NA," "," "," ",NA," "," "," ",0," "," ","N",0," "," ","N",0," "," ","N",0," "," ","N",0," "," ","N",0," "," ","N",0," "," ","N",0," "," ","N",0," "," ","N",0," "," ","N",0," "," ","N",0," "," ","N",0," "," ","N",0," "," ","N",61," "," ","N",0," "," ","N",0," "," ","N",0," "," ","N",0," "," ","N",0," "," ","N",0," "," ","N",0," "," ","N",10," "," ","N",173," "," ","N"
"22","US1TXPS0002",2017,5,"SNOW",0," "," ","N",0," "," ","N",0," "," ","N",0," "," ","N",0," "," ","N",NA," "," "," ",NA," "," "," ",0," "," ","N",0," "," ","N",0," "," ","N",0," "," ","N",0," "," ","N",0," "," ","N",0," "," ","N",0," "," ","N",0," "," ","N",0," "," ","N",0," "," ","N",0," "," ","N",0," "," ","N",0," "," ","N",NA," "," "," ",0," "," ","N",0," "," ","N",0," "," ","N",0," "," ","N",0," "," ","N",0," "," ","N",0," "," ","N",NA," "," "," ",NA," "," "," "
"23","US1TXPS0002",2017,6,"PRCP",0," "," ","N",142," "," ","N",0," "," ","N",20," "," ","N",0," "," ","N",0," "," ","N",0," "," ","N",0," "," ","N",36," "," ","N",0," "," ","N",0," "," ","N",0," "," ","N",0," "," ","N",0," "," ","N",3," "," ","N",0,"T"," ","N",0," "," ","N",0," "," ","N",0," "," ","N",102," "," ","N",0," "," ","N",0," "," ","N",0," "," ","N",0," "," ","N",0," "," ","N",0," "," ","N",0," "," ","N",163," "," ","N",0," "," ","N",0," "," ","N",NA," "," "," "
"24","US1TXPS0002",2017,6,"SNOW",0," "," ","N",NA," "," "," ",0," "," ","N",NA," "," "," ",0," "," ","N",0," "," ","N",0," "," ","N",0," "," ","N",NA," "," "," ",0," "," ","N",0," "," ","N",0," "," ","N",0," "," ","N",0," "," ","N",NA," "," "," ",NA," "," "," ",0," "," ","N",0," "," ","N",0," "," ","N",NA," "," "," ",0," "," ","N",0," "," ","N",0," "," ","N",0," "," ","N",0," "," ","N",0," "," ","N",0," "," ","N",NA," "," "," ",0," "," ","N",0," "," ","N",NA," "," "," "
"25","US1TXPS0002",2017,7,"PRCP",0," "," ","N",0," "," ","N",0," "," ","N",0," "," ","N",0," "," ","N",0," "," ","N",79," "," ","N",0," "," ","N",0," "," ","N",0," "," ","N",0," "," ","N",8," "," ","N",15," "," ","N",173," "," ","N",64," "," ","N",246," "," ","N",0," "," ","N",0," "," ","N",18," "," ","N",30," "," ","N",0,"T"," ","N",3," "," ","N",0," "," ","N",0," "," ","N",0," "," ","N",0," "," ","N",0," "," ","N",0," "," ","N",0,"T"," ","N",0," "," ","N",0," "," ","N"
"26","US1TXPS0002",2017,7,"SNOW",0," "," ","N",0," "," ","N",0," "," ","N",0," "," ","N",0," "," ","N",0," "," ","N",NA," "," "," ",0," "," ","N",0," "," ","N",0," "," ","N",0," "," ","N",NA," "," "," ",NA," "," "," ",NA," "," "," ",NA," "," "," ",NA," "," "," ",0," "," ","N",0," "," ","N",NA," "," "," ",NA," "," "," ",NA," "," "," ",NA," "," "," ",0," "," ","N",0," "," ","N",0," "," ","N",0," "," ","N",0," "," ","N",0," "," ","N",NA," "," "," ",0," "," ","N",0," "," ","N"
"27","US1TXPS0002",2017,8,"PRCP",0," "," ","N",18," "," ","N",147," "," ","N",NA," "," "," ",0," "," ","N",0," "," ","N",246," "," ","N",0," "," ","N",0," "," ","N",0," "," ","N",0," "," ","N",0,"T"," ","N",0," "," ","N",51," "," ","N",0," "," ","N",0," "," ","N",0," "," ","N",5," "," ","N",28," "," ","N",0," "," ","N",3," "," ","N",0," "," ","N",46," "," ","N",216," "," ","N",0,"T"," ","N",325," "," ","N",NA," "," "," ",0," "," ","N",0," "," ","N",0," "," ","N",0," "," ","N"
"28","US1TXPS0002",2017,8,"SNOW",0," "," ","N",NA," "," "," ",NA," "," "," ",NA," "," "," ",0," "," ","N",0," "," ","N",NA," "," "," ",0," "," ","N",0," "," ","N",0," "," ","N",0," "," ","N",NA," "," "," ",0," "," ","N",NA," "," "," ",0," "," ","N",0," "," ","N",0," "," ","N",0," "," ","N",NA," "," "," ",0," "," ","N",NA," "," "," ",0," "," ","N",NA," "," "," ",NA," "," "," ",NA," "," "," ",NA," "," "," ",NA," "," "," ",0," "," ","N",0," "," ","N",0," "," ","N",0," "," ","N"
"29","US1TXPS0002",2017,9,"PRCP",0," "," ","N",0," "," ","N",0," "," ","N",33," "," ","N",0," "," ","N",0," "," ","N",0," "," ","N",0," "," ","N",0," "," ","N",0," "," ","N",0," "," ","N",0," "," ","N",0," "," ","N",0," "," ","N",NA," "," "," ",30," "," ","N",0," "," ","N",5," "," ","N",53," "," ","N",0," "," ","N",0," "," ","N",0," "," ","N",0," "," ","N",0," "," ","N",0," "," ","N",0," "," ","N",33," "," ","N",5," "," ","N",0," "," ","N",10," "," ","N",NA," "," "," "
"30","US1TXPS0002",2017,9,"SNOW",0," "," ","N",0," "," ","N",0," "," ","N",NA," "," "," ",0," "," ","N",0," "," ","N",0," "," ","N",0," "," ","N",0," "," ","N",0," "," ","N",0," "," ","N",0," "," ","N",0," "," ","N",0," "," ","N",NA," "," "," ",NA," "," "," ",0," "," ","N",NA," "," "," ",NA," "," "," ",0," "," ","N",0," "," ","N",0," "," ","N",0," "," ","N",0," "," ","N",0," "," ","N",0," "," ","N",NA," "," "," ",NA," "," "," ",0," "," ","N",NA," "," "," ",NA," "," "," "
"31","US1TXPS0002",2017,10,"PRCP",0," "," ","N",0," "," ","N",0," "," ","N",0," "," ","N",0,"T"," ","N",0," "," ","N",0," "," ","N",0," "," ","N",0," "," ","N",0," "," ","N",0," "," ","N",0," "," ","N",0," "," ","N",0," "," ","N",0," "," ","N",0," "," ","N",0," "," ","N",0," "," ","N",0," "," ","N",3," "," ","N",0," "," ","N",0," "," ","N",0," "," ","N",0," "," ","N",0," "," ","N",0," "," ","N",0," "," ","N",0," "," ","N",0," "," ","N",0," "," ","N",0," "," ","N"
"32","US1TXPS0002",2017,10,"SNOW",0," "," ","N",0," "," ","N",0," "," ","N",0," "," ","N",NA," "," "," ",0," "," ","N",0," "," ","N",0," "," ","N",0," "," ","N",0," "," ","N",0," "," ","N",0," "," ","N",0," "," ","N",0," "," ","N",0," "," ","N",0," "," ","N",0," "," ","N",0," "," ","N",0," "," ","N",NA," "," "," ",0," "," ","N",0," "," ","N",0," "," ","N",0," "," ","N",0," "," ","N",0," "," ","N",0," "," ","N",0," "," ","N",0," "," ","N",0," "," ","N",0," "," ","N"
"33","US1TXPS0002",2017,11,"PRCP",NA," "," "," ",NA," "," "," ",NA," "," "," ",NA," "," "," ",NA," "," "," ",NA," "," "," ",NA," "," "," ",NA," "," "," ",NA," "," "," ",NA," "," "," ",NA," "," "," ",NA," "," "," ",NA," "," "," ",NA," "," "," ",NA," "," "," ",NA," "," "," ",NA," "," "," ",NA," "," "," ",NA," "," "," ",NA," "," "," ",NA," "," "," ",NA," "," "," ",0," ","L","N",NA," "," "," ",NA," "," "," ",NA," "," "," ",NA," "," "," ",0," "," ","N",0," "," ","N",0," "," ","N",NA," "," "," "
"34","US1TXPS0002",2017,11,"SNOW",NA," "," "," ",NA," "," "," ",NA," "," "," ",NA," "," "," ",NA," "," "," ",NA," "," "," ",NA," "," "," ",NA," "," "," ",NA," "," "," ",NA," "," "," ",NA," "," "," ",NA," "," "," ",NA," "," "," ",NA," "," "," ",NA," "," "," ",NA," "," "," ",NA," "," "," ",NA," "," "," ",NA," "," "," ",NA," "," "," ",NA," "," "," ",NA," "," "," ",0," "," ","N",NA," "," "," ",NA," "," "," ",NA," "," "," ",NA," "," "," ",0," "," ","N",0," "," ","N",0," "," ","N",NA," "," "," "
"35","US1TXPS0002",2017,11,"SNWD",NA," "," "," ",NA," "," "," ",NA," "," "," ",NA," "," "," ",NA," "," "," ",NA," "," "," ",NA," "," "," ",NA," "," "," ",NA," "," "," ",NA," "," "," ",NA," "," "," ",NA," "," "," ",NA," "," "," ",NA," "," "," ",NA," "," "," ",NA," "," "," ",NA," "," "," ",NA," "," "," ",NA," "," "," ",NA," "," "," ",NA," "," "," ",NA," "," "," ",NA," "," "," ",NA," "," "," ",NA," "," "," ",NA," "," "," ",0," "," ","N",NA," "," "," ",NA," "," "," ",NA," "," "," ",NA," "," "," "
"36","US1TXPS0002",2017,11,"DAPR",NA," "," "," ",NA," "," "," ",NA," "," "," ",NA," "," "," ",NA," "," "," ",NA," "," "," ",NA," "," "," ",NA," "," "," ",NA," "," "," ",NA," "," "," ",NA," "," "," ",NA," "," "," ",NA," "," "," ",NA," "," "," ",NA," "," "," ",NA," "," "," ",NA," "," "," ",NA," "," "," ",NA," "," "," ",NA," "," "," ",NA," "," "," ",NA," "," "," ",NA," "," "," ",NA," "," "," ",NA," "," "," ",NA," "," "," ",27," ","L","N",NA," "," "," ",NA," "," "," ",NA," "," "," ",NA," "," "," "
"37","US1TXPS0002",2017,11,"MDPR",NA," "," "," ",NA," "," "," ",NA," "," "," ",NA," "," "," ",NA," "," "," ",NA," "," "," ",NA," "," "," ",NA," "," "," ",NA," "," "," ",NA," "," "," ",NA," "," "," ",NA," "," "," ",NA," "," "," ",NA," "," "," ",NA," "," "," ",NA," "," "," ",NA," "," "," ",NA," "," "," ",NA," "," "," ",NA," "," "," ",NA," "," "," ",NA," "," "," ",NA," "," "," ",NA," "," "," ",NA," "," "," ",NA," "," "," ",0," ","L","N",NA," "," "," ",NA," "," "," ",NA," "," "," ",NA," "," "," "
"38","US1TXPS0002",2017,12,"PRCP",0," "," ","N",0," "," ","N",0," "," ","N",0," "," ","N",0," "," ","N",0," "," ","N",203," "," ","N",25," "," ","N",0," "," ","N",0," "," ","N",0," "," ","N",0," "," ","N",0," "," ","N",0," "," ","N",0," "," ","N",0," "," ","N",0," "," ","N",0," "," ","N",0,"T"," ","N",0," "," ","N",0," "," ","N",0," "," ","N",0," "," ","N",0," "," ","N",0," "," ","N",0," "," ","N",0," "," ","N",0," "," ","N",0," "," ","N",0," "," ","N",0," "," ","N"
"39","US1TXPS0002",2017,12,"SNOW",0," "," ","N",0," "," ","N",0," "," ","N",0," "," ","N",0," "," ","N",0," "," ","N",0,"T"," ","N",5," "," ","N",0," "," ","N",0," "," ","N",0," "," ","N",0," "," ","N",0," "," ","N",0," "," ","N",0," "," ","N",0," "," ","N",0," "," ","N",0," "," ","N",NA," "," "," ",0," "," ","N",0," "," ","N",0," "," ","N",0," "," ","N",0," "," ","N",0," "," ","N",0," "," ","N",0," "," ","N",0," "," ","N",0," "," ","N",0," "," ","N",0," "," ","N"
"40","US1TXPS0002",2018,1,"PRCP",0,"T"," ","N",0," "," ","N",0," "," ","N",0," "," ","N",0," "," ","N",0," "," ","N",0," "," ","N",0," "," ","N",0," "," ","N",0," "," ","N",0," "," ","N",0," "," ","N",0," "," ","N",0," "," ","N",0," "," ","N",0," "," ","N",0," "," ","N",0," "," ","N",0," "," ","N",0," "," ","N",0," "," ","N",0," "," ","N",0," "," ","N",0," "," ","N",0," "," ","N",0," "," ","N",0," "," ","N",0," "," ","N",0," "," ","N",0," "," ","N",0," "," ","N"
"41","US1TXPS0002",2018,1,"SNOW",NA," "," "," ",0," "," ","N",0," "," ","N",0," "," ","N",0," "," ","N",0," "," ","N",0," "," ","N",0," "," ","N",0," "," ","N",0," "," ","N",0," "," ","N",0," "," ","N",0," "," ","N",0," "," ","N",0," "," ","N",0," "," ","N",0," "," ","N",0," "," ","N",0," "," ","N",0," "," ","N",0," "," ","N",0," "," ","N",0," "," ","N",0," "," ","N",0," "," ","N",0," "," ","N",0," "," ","N",0," "," ","N",0," "," ","N",0," "," ","N",0," "," ","N"
"42","US1TXPS0002",2018,2,"PRCP",0," "," ","N",0," "," ","N",3," "," ","N",0," "," ","N",0," "," ","N",0," "," ","N",0," "," ","N",0," "," ","N",0," "," ","N",0," "," ","N",0," "," ","N",0," "," ","N",0," "," ","N",0," "," ","N",0," "," ","N",0," "," ","N",0," "," ","N",0," "," ","N",0," "," ","N",0," "," ","N",0," "," ","N",0," "," ","N",0," "," ","N",0," "," ","N",0," "," ","N",0," "," ","N",0," "," ","N",0," "," ","N",NA," "," "," ",NA," "," "," ",NA," "," "," "
"43","US1TXPS0002",2018,2,"SNOW",0," "," ","N",0," "," ","N",NA," "," "," ",0," "," ","N",0," "," ","N",0," "," ","N",0," "," ","N",0," "," ","N",0," "," ","N",0," "," ","N",0," "," ","N",0," "," ","N",0," "," ","N",0," "," ","N",0," "," ","N",0," "," ","N",0," "," ","N",0," "," ","N",0," "," ","N",0," "," ","N",0," "," ","N",0," "," ","N",0," "," ","N",0," "," ","N",0," "," ","N",0," "," ","N",0," "," ","N",0," "," ","N",NA," "," "," ",NA," "," "," ",NA," "," "," "
"44","US1TXPS0002",2018,3,"PRCP",0," "," ","N",0," "," ","N",0," "," ","N",0," "," ","N",0," "," ","N",0," "," ","N",0," "," ","N",0," "," ","N",0," "," ","N",0," "," ","N",0,"T"," ","N",0,"T"," ","N",3," "," ","N",0," "," ","N",0," "," ","N",0," "," ","N",0," "," ","N",0," "," ","N",0," "," ","N",0," "," ","N",0," "," ","N",0," "," ","N",0," "," ","N",0," "," ","N",0," "," ","N",0," "," ","N",0," "," ","N",0," "," ","N",0," "," ","N",0," "," ","N",0," "," ","N"
"45","US1TXPS0002",2018,3,"SNOW",0," "," ","N",0," "," ","N",0," "," ","N",0," "," ","N",0," "," ","N",0," "," ","N",0," "," ","N",0," "," ","N",0," "," ","N",0," "," ","N",NA," "," "," ",NA," "," "," ",NA," "," "," ",0," "," ","N",0," "," ","N",0," "," ","N",0," "," ","N",0," "," ","N",0," "," ","N",0," "," ","N",0," "," ","N",0," "," ","N",0," "," ","N",0," "," ","N",0," "," ","N",0," "," ","N",0," "," ","N",0," "," ","N",0," "," ","N",0," "," ","N",0," "," ","N"
"46","US1TXPS0002",2018,4,"PRCP",0," "," ","N",0," "," ","N",0," "," ","N",0," "," ","N",0," "," ","N",0," "," ","N",0," "," ","N",0," "," ","N",0," "," ","N",0," "," ","N",0," "," ","N",0," "," ","N",0," "," ","N",0," "," ","N",0," "," ","N",0," "," ","N",0," "," ","N",0," "," ","N",0," "," ","N",0," "," ","N",0," "," ","N",0," "," ","N",NA," "," "," ",NA," "," "," ",NA," "," "," ",NA," "," "," ",NA," "," "," ",NA," "," "," ",10," "," ","N",0," "," ","N",NA," "," "," "
"47","US1TXPS0002",2018,4,"SNOW",0," "," ","N",0," "," ","N",0," "," ","N",0," "," ","N",0," "," ","N",0," "," ","N",0," "," ","N",0," "," ","N",0," "," ","N",0," "," ","N",0," "," ","N",0," "," ","N",0," "," ","N",0," "," ","N",0," "," ","N",0," "," ","N",0," "," ","N",0," "," ","N",0," "," ","N",0," "," ","N",0," "," ","N",0," "," ","N",NA," "," "," ",NA," "," "," ",NA," "," "," ",NA," "," "," ",NA," "," "," ",NA," "," "," ",NA," "," "," ",0," "," ","N",NA," "," "," "
"48","US1TXPS0002",2018,4,"DAPR",NA," "," "," ",NA," "," "," ",NA," "," "," ",NA," "," "," ",NA," "," "," ",NA," "," "," ",NA," "," "," ",NA," "," "," ",NA," "," "," ",NA," "," "," ",NA," "," "," ",NA," "," "," ",NA," "," "," ",NA," "," "," ",NA," "," "," ",NA," "," "," ",NA," "," "," ",NA," "," "," ",NA," "," "," ",NA," "," "," ",NA," "," "," ",NA," "," "," ",NA," "," "," ",NA," "," "," ",NA," "," "," ",NA," "," "," ",NA," "," "," ",6," "," ","N",NA," "," "," ",NA," "," "," ",NA," "," "," "
"49","US1TXPS0002",2018,4,"MDPR",NA," "," "," ",NA," "," "," ",NA," "," "," ",NA," "," "," ",NA," "," "," ",NA," "," "," ",NA," "," "," ",NA," "," "," ",NA," "," "," ",NA," "," "," ",NA," "," "," ",NA," "," "," ",NA," "," "," ",NA," "," "," ",NA," "," "," ",NA," "," "," ",NA," "," "," ",NA," "," "," ",NA," "," "," ",NA," "," "," ",NA," "," "," ",NA," "," "," ",NA," "," "," ",NA," "," "," ",NA," "," "," ",NA," "," "," ",NA," "," "," ",0," "," ","N",NA," "," "," ",NA," "," "," ",NA," "," "," "
"50","US1TXPS0002",2018,5,"PRCP",0," "," ","N",0," "," ","N",0," "," ","N",0," "," ","N",0," "," ","N",0," "," ","N",0," "," ","N",0," "," ","N",0," "," ","N",0," "," ","N",0," "," ","N",0," "," ","N",0," "," ","N",0," "," ","N",0," "," ","N",0," "," ","N",0," "," ","N",0," "," ","N",0," "," ","N",0," "," ","N",20," "," ","N",33," "," ","N",0," "," ","N",0," "," ","N",0," "," ","N",30," "," ","N",0," "," ","N",0," "," ","N",0," "," ","N",0," "," ","N",0," "," ","N"
"51","US1TXPS0002",2018,5,"SNOW",0," "," ","N",0," "," ","N",0," "," ","N",0," "," ","N",0," "," ","N",0," "," ","N",0," "," ","N",0," "," ","N",0," "," ","N",0," "," ","N",0," "," ","N",0," "," ","N",0," "," ","N",0," "," ","N",0," "," ","N",0," "," ","N",0," "," ","N",0," "," ","N",0," "," ","N",0," "," ","N",0," "," ","N",NA," "," "," ",0," "," ","N",0," "," ","N",0," "," ","N",NA," "," "," ",0," "," ","N",0," "," ","N",0," "," ","N",0," "," ","N",0," "," ","N"
"52","US1TXPS0002",2018,6,"PRCP",0," "," ","N",0," "," ","N",3," "," ","N",318," "," ","N",0," "," ","N",0," "," ","N",10," "," ","N",0," "," ","N",56," "," ","N",112," "," ","N",3," "," ","N",0," "," ","N",0," "," ","N",0," "," ","N",0," "," ","N",0," "," ","N",188," "," ","N",3," "," ","N",0," "," ","N",0," "," ","N",0," "," ","N",0," "," ","N",0," "," ","N",0," "," ","N",0," "," ","N",0," "," ","N",0," "," ","N",0," "," ","N",0," "," ","N",0," "," ","N",NA," "," "," "
"53","US1TXPS0002",2018,6,"SNOW",0," "," ","N",0," "," ","N",NA," "," "," ",NA," "," "," ",0," "," ","N",0," "," ","N",NA," "," "," ",0," "," ","N",NA," "," "," ",NA," "," "," ",NA," "," "," ",0," "," ","N",0," "," ","N",0," "," ","N",0," "," ","N",0," "," ","N",0," "," ","N",0," "," ","N",0," "," ","N",0," "," ","N",0," "," ","N",0," "," ","N",0," "," ","N",0," "," ","N",0," "," ","N",0," "," ","N",0," "," ","N",0," "," ","N",0," "," ","N",0," "," ","N",NA," "," "," "
"54","US1TXPS0002",2018,7,"PRCP",0," "," ","N",0," "," ","N",0," "," ","N",0," "," ","N",0," "," ","N",320," "," ","N",15," "," ","N",10," "," ","N",3," "," ","N",10," "," ","N",0," "," ","N",0," "," ","N",0," "," ","N",91," "," ","N",5," "," ","N",0," "," ","N",0,"T"," ","N",0," "," ","N",0," "," ","N",0," "," ","N",0," "," ","N",0," "," ","N",0," "," ","N",0," "," ","N",0," "," ","N",15," "," ","N",0," "," ","N",0," "," ","N",0," "," ","N",0," "," ","N",0," "," ","N"
"55","US1TXPS0002",2018,7,"SNOW",0," "," ","N",0," "," ","N",0," "," ","N",0," "," ","N",0," "," ","N",NA," "," "," ",NA," "," "," ",NA," "," "," ",NA," "," "," ",NA," "," "," ",0," "," ","N",0," "," ","N",0," "," ","N",NA," "," "," ",NA," "," "," ",0," "," ","N",NA," "," "," ",0," "," ","N",0," "," ","N",0," "," ","N",0," "," ","N",0," "," ","N",0," "," ","N",0," "," ","N",0," "," ","N",NA," "," "," ",0," "," ","N",0," "," ","N",0," "," ","N",0," "," ","N",0," "," ","N"
"56","US1TXPS0002",2018,8,"PRCP",0," "," ","N",0," "," ","N",0," "," ","N",0," "," ","N",0," "," ","N",0," "," ","N",0," "," ","N",0," "," ","N",0," "," ","N",0,"T"," ","N",53," "," ","N",160," "," ","N",183," "," ","N",33," "," ","N",3," "," ","N",0," "," ","N",0,"T"," ","N",13," "," ","N",69," "," ","N",13," "," ","N",10," "," ","N",0," "," ","N",0," "," ","N",0," "," ","N",0," "," ","N",0," "," ","N",0," "," ","N",3," "," ","N",0," "," ","N",0," "," ","N",0," "," ","N"
"57","US1TXPS0002",2018,8,"SNOW",0," "," ","N",0," "," ","N",0," "," ","N",0," "," ","N",0," "," ","N",0," "," ","N",0," "," ","N",0," "," ","N",0," "," ","N",NA," "," "," ",NA," "," "," ",NA," "," "," ",NA," "," "," ",NA," "," "," ",NA," "," "," ",0," "," ","N",NA," "," "," ",NA," "," "," ",NA," "," "," ",NA," "," "," ",NA," "," "," ",0," "," ","N",0," "," ","N",0," "," ","N",0," "," ","N",0," "," ","N",0," "," ","N",NA," "," "," ",0," "," ","N",0," "," ","N",0," "," ","N"
"58","US1TXPS0002",2018,9,"PRCP",0," "," ","N",249," "," ","N",5," "," ","N",0," "," ","N",0," "," ","N",0,"T"," ","N",43," "," ","N",191," "," ","N",3," "," ","N",0," "," ","N",0," "," ","N",0," "," ","N",0," "," ","N",0," "," ","N",0," "," ","N",0," "," ","N",185," "," ","N",8," "," ","N",20," "," ","N",3," "," ","N",46," "," ","N",0," "," ","N",0," "," ","N",0," "," ","N",0," "," ","N",0," "," ","N",38," "," ","N",0," "," ","N",0," "," ","N",0," "," ","N",NA," "," "," "
"59","US1TXPS0002",2018,9,"SNOW",0," "," ","N",NA," "," "," ",NA," "," "," ",0," "," ","N",0," "," ","N",NA," "," "," ",NA," "," "," ",NA," "," "," ",NA," "," "," ",0," "," ","N",0," "," ","N",0," "," ","N",0," "," ","N",0," "," ","N",0," "," ","N",0," "," ","N",NA," "," "," ",NA," "," "," ",NA," "," "," ",NA," "," "," ",NA," "," "," ",0," "," ","N",0," "," ","N",0," "," ","N",0," "," ","N",0," "," ","N",NA," "," "," ",0," "," ","N",0," "," ","N",0," "," ","N",NA," "," "," "
"60","US1TXPS0002",2018,10,"PRCP",0," "," ","N",0," "," ","N",0," "," ","N",0," "," ","N",0," "," ","N",10," "," ","N",0," "," ","N",0," "," ","N",0,"T"," ","N",0," "," ","N",0," "," ","N",0," "," ","N",0," "," ","N",0," "," ","N",0,"T"," ","N",0," "," ","N",0," "," ","N",13," "," ","N",3," "," ","N",18," "," ","N",206," "," ","N",3," "," ","N",0," "," ","N",267," "," ","N",0," "," ","N",0," "," ","N",0," "," ","N",0," "," ","N",0," "," ","N",NA," "," "," ",NA," "," "," "
"61","US1TXPS0002",2018,10,"SNOW",0," "," ","N",0," "," ","N",0," "," ","N",0," "," ","N",0," "," ","N",NA," "," "," ",0," "," ","N",0," "," ","N",NA," "," "," ",0," "," ","N",0," "," ","N",0," "," ","N",0," "," ","N",0," "," ","N",NA," "," "," ",0," "," ","N",0," "," ","N",NA," "," "," ",NA," "," "," ",NA," "," "," ",NA," "," "," ",NA," "," "," ",0," "," ","N",NA," "," "," ",0," "," ","N",0," "," ","N",0," "," ","N",0," "," ","N",0," "," ","N",NA," "," "," ",NA," "," "," "
"62","US1TXPS0002",2018,11,"PRCP",NA," "," "," ",NA," "," "," ",NA," "," "," ",NA," "," "," ",NA," "," "," ",NA," "," "," ",NA," "," "," ",NA," "," "," ",NA," "," "," ",NA," "," "," ",NA," "," "," ",0," "," ","N",0," "," ","N",NA," "," "," ",NA," "," "," ",NA," "," "," ",NA," "," "," ",NA," "," "," ",NA," "," "," ",NA," "," "," ",NA," "," "," ",NA," "," "," ",NA," "," "," ",NA," "," "," ",NA," "," "," ",NA," "," "," ",NA," "," "," ",NA," "," "," ",0," "," ","N",0," "," ","N",NA," "," "," "
"63","US1TXPS0002",2018,11,"SNOW",NA," "," "," ",NA," "," "," ",NA," "," "," ",NA," "," "," ",NA," "," "," ",NA," "," "," ",NA," "," "," ",NA," "," "," ",NA," "," "," ",NA," "," "," ",NA," "," "," ",0," "," ","N",0," "," ","N",NA," "," "," ",NA," "," "," ",NA," "," "," ",NA," "," "," ",NA," "," "," ",NA," "," "," ",NA," "," "," ",NA," "," "," ",NA," "," "," ",NA," "," "," ",NA," "," "," ",NA," "," "," ",NA," "," "," ",NA," "," "," ",NA," "," "," ",0," "," ","N",0," "," ","N",NA," "," "," "
"64","US1TXPS0002",2018,11,"DAPR",NA," "," "," ",NA," "," "," ",NA," "," "," ",NA," "," "," ",NA," "," "," ",NA," "," "," ",NA," "," "," ",NA," "," "," ",NA," "," "," ",NA," "," "," ",13," "," ","N",NA," "," "," ",NA," "," "," ",NA," "," "," ",NA," "," "," ",NA," "," "," ",NA," "," "," ",NA," "," "," ",NA," "," "," ",NA," "," "," ",NA," "," "," ",NA," "," "," ",NA," "," "," ",NA," "," "," ",NA," "," "," ",NA," "," "," ",NA," "," "," ",15," "," ","N",NA," "," "," ",NA," "," "," ",NA," "," "," "
"65","US1TXPS0002",2018,11,"MDPR",NA," "," "," ",NA," "," "," ",NA," "," "," ",NA," "," "," ",NA," "," "," ",NA," "," "," ",NA," "," "," ",NA," "," "," ",NA," "," "," ",NA," "," "," ",0," "," ","N",NA," "," "," ",NA," "," "," ",NA," "," "," ",NA," "," "," ",NA," "," "," ",NA," "," "," ",NA," "," "," ",NA," "," "," ",NA," "," "," ",NA," "," "," ",NA," "," "," ",NA," "," "," ",NA," "," "," ",NA," "," "," ",NA," "," "," ",NA," "," "," ",0," "," ","N",NA," "," "," ",NA," "," "," ",NA," "," "," "
"66","US1TXPS0002",2018,12,"PRCP",0," "," ","N",0," "," ","N",0," "," ","N",0," "," ","N",0," "," ","N",0," "," ","N",76," "," ","N",76," "," ","N",3," "," ","N",0," "," ","N",0," "," ","N",0," "," ","N",0," "," ","N",0," "," ","N",0," "," ","N",0," "," ","N",0," "," ","N",0," "," ","N",0," "," ","N",0," "," ","N",0," "," ","N",0," "," ","N",0," "," ","N",0," "," ","N",0," "," ","N",0," "," ","N",0," "," ","N",0," "," ","N",0," "," ","N",0," "," ","N",0," "," ","N"
"67","US1TXPS0002",2018,12,"SNOW",0," "," ","N",0," "," ","N",0," "," ","N",0," "," ","N",0," "," ","N",0," "," ","N",NA," "," "," ",NA," "," "," ",NA," "," "," ",0," "," ","N",0," "," ","N",0," "," ","N",0," "," ","N",0," "," ","N",0," "," ","N",0," "," ","N",0," "," ","N",0," "," ","N",0," "," ","N",0," "," ","N",0," "," ","N",0," "," ","N",0," "," ","N",0," "," ","N",0," "," ","N",0," "," ","N",0," "," ","N",0," "," ","N",0," "," ","N",0," "," ","N",0," "," ","N"
"68","US1TXPS0002",2019,1,"PRCP",0," "," ","N",0," "," ","N",0," "," ","N",0," "," ","N",0," "," ","N",0," "," ","N",13," "," ","N",0," "," ","N",0," "," ","N",0," "," ","N",NA," "," "," ",NA," "," "," ",NA," "," "," ",NA," "," "," ",NA," "," "," ",NA," "," "," ",NA," "," "," ",NA," "," "," ",NA," "," "," ",NA," "," "," ",NA," "," "," ",NA," "," "," ",0," "," ","N",0," "," ","N",0," "," ","N",0," "," ","N",0," "," ","N",0," "," ","N",0," "," ","N",0," "," ","N",0," "," ","N"
"69","US1TXPS0002",2019,1,"SNOW",0," "," ","N",0," "," ","N",0," "," ","N",0," "," ","N",0," "," ","N",0," "," ","N",NA," "," "," ",0," "," ","N",0," "," ","N",0," "," ","N",NA," "," "," ",NA," "," "," ",NA," "," "," ",NA," "," "," ",NA," "," "," ",NA," "," "," ",NA," "," "," ",NA," "," "," ",NA," "," "," ",NA," "," "," ",NA," "," "," ",NA," "," "," ",0," "," ","N",0," "," ","N",0," "," ","N",0," "," ","N",0," "," ","N",0," "," ","N",0," "," ","N",0," "," ","N",0," "," ","N"
"70","US1TXPS0002",2019,1,"DAPR",NA," "," "," ",NA," "," "," ",NA," "," "," ",NA," "," "," ",NA," "," "," ",NA," "," "," ",NA," "," "," ",NA," "," "," ",NA," "," "," ",NA," "," "," ",NA," "," "," ",NA," "," "," ",NA," "," "," ",NA," "," "," ",NA," "," "," ",NA," "," "," ",NA," "," "," ",NA," "," "," ",NA," "," "," ",NA," "," "," ",NA," "," "," ",12," "," ","N",NA," "," "," ",NA," "," "," ",NA," "," "," ",NA," "," "," ",NA," "," "," ",NA," "," "," ",NA," "," "," ",NA," "," "," ",NA," "," "," "
"71","US1TXPS0002",2019,1,"MDPR",NA," "," "," ",NA," "," "," ",NA," "," "," ",NA," "," "," ",NA," "," "," ",NA," "," "," ",NA," "," "," ",NA," "," "," ",NA," "," "," ",NA," "," "," ",NA," "," "," ",NA," "," "," ",NA," "," "," ",NA," "," "," ",NA," "," "," ",NA," "," "," ",NA," "," "," ",NA," "," "," ",NA," "," "," ",NA," "," "," ",NA," "," "," ",132," "," ","N",NA," "," "," ",NA," "," "," ",NA," "," "," ",NA," "," "," ",NA," "," "," ",NA," "," "," ",NA," "," "," ",NA," "," "," ",NA," "," "," "
"72","US1TXPS0002",2019,2,"PRCP",0," "," ","N",0,"T"," ","N",0," "," ","N",0," "," ","N",NA," "," "," ",NA," "," "," ",NA," "," "," ",NA," "," "," ",NA," "," "," ",NA," "," "," ",30," "," ","N",5," "," ","N",NA," "," "," ",NA," "," "," ",NA," "," "," ",NA," "," "," ",NA," "," "," ",NA," "," "," ",NA," "," "," ",NA," "," "," ",0," "," ","N",0," "," ","N",0," "," ","N",0," "," ","N",0," "," ","N",0," "," ","N",0," "," ","N",NA," "," "," ",NA," "," "," ",NA," "," "," ",NA," "," "," "
"73","US1TXPS0002",2019,2,"SNOW",0," "," ","N",NA," "," "," ",0," "," ","N",0," "," ","N",NA," "," "," ",NA," "," "," ",NA," "," "," ",NA," "," "," ",NA," "," "," ",NA," "," "," ",NA," "," "," ",NA," "," "," ",NA," "," "," ",NA," "," "," ",NA," "," "," ",NA," "," "," ",NA," "," "," ",NA," "," "," ",NA," "," "," ",NA," "," "," ",0," "," ","N",0," "," ","N",0," "," ","N",0," "," ","N",0," "," ","N",0," "," ","N",0," "," ","N",NA," "," "," ",NA," "," "," ",NA," "," "," ",NA," "," "," "
"74","US1TXPS0002",2019,2,"DAPR",NA," "," "," ",NA," "," "," ",NA," "," "," ",NA," "," "," ",NA," "," "," ",NA," "," "," ",NA," "," "," ",NA," "," "," ",NA," "," "," ",6," "," ","N",NA," "," "," ",NA," "," "," ",NA," "," "," ",NA," "," "," ",NA," "," "," ",NA," "," "," ",NA," "," "," ",NA," "," "," ",NA," "," "," ",8," "," ","N",NA," "," "," ",NA," "," "," ",NA," "," "," ",NA," "," "," ",NA," "," "," ",NA," "," "," ",NA," "," "," ",NA," "," "," ",NA," "," "," ",NA," "," "," ",NA," "," "," "
"75","US1TXPS0002",2019,2,"MDPR",NA," "," "," ",NA," "," "," ",NA," "," "," ",NA," "," "," ",NA," "," "," ",NA," "," "," ",NA," "," "," ",NA," "," "," ",NA," "," "," ",0," "," ","N",NA," "," "," ",NA," "," "," ",NA," "," "," ",NA," "," "," ",NA," "," "," ",NA," "," "," ",NA," "," "," ",NA," "," "," ",NA," "," "," ",0," "," ","N",NA," "," "," ",NA," "," "," ",NA," "," "," ",NA," "," "," ",NA," "," "," ",NA," "," "," ",NA," "," "," ",NA," "," "," ",NA," "," "," ",NA," "," "," ",NA," "," "," "
"76","US1TXPS0002",2019,3,"PRCP",NA," "," "," ",NA," "," "," ",NA," "," "," ",0," ","L","N",0," ","L","N",0," ","L","N",0," ","L","N",0," "," ","N",0," "," ","N",0," "," ","N",0," "," ","N",0," "," ","N",0," "," ","N",0," "," ","N",0," "," ","N",0," "," ","N",0," "," ","N",0," "," ","N",0," "," ","N",0," "," ","N",0," "," ","N",0," "," ","N",0," "," ","N",0," "," ","N",0," "," ","N",0," "," ","N",0," "," ","N",0," "," ","N",0," "," ","N",0," "," ","N",0," "," ","N"
"77","US1TXPS0002",2019,3,"SNOW",NA," "," "," ",NA," "," "," ",NA," "," "," ",0," "," ","N",0," "," ","N",0," "," ","N",0," "," ","N",0," "," ","N",0," "," ","N",0," "," ","N",0," "," ","N",0," "," ","N",0," "," ","N",0," "," ","N",0," "," ","N",0," "," ","N",0," "," ","N",0," "," ","N",0," "," ","N",0," "," ","N",0," "," ","N",0," "," ","N",0," "," ","N",0," "," ","N",0," "," ","N",0," "," ","N",0," "," ","N",0," "," ","N",0," "," ","N",0," "," ","N",0," "," ","N"
"78","US1TXPS0002",2019,3,"DAPR",NA," "," "," ",NA," "," "," ",4," "," ","N",NA," "," "," ",NA," "," "," ",NA," "," "," ",4," ","L","N",NA," "," "," ",NA," "," "," ",NA," "," "," ",NA," "," "," ",NA," "," "," ",NA," "," "," ",NA," "," "," ",NA," "," "," ",NA," "," "," ",NA," "," "," ",NA," "," "," ",NA," "," "," ",NA," "," "," ",NA," "," "," ",NA," "," "," ",NA," "," "," ",NA," "," "," ",NA," "," "," ",NA," "," "," ",NA," "," "," ",NA," "," "," ",NA," "," "," ",NA," "," "," ",NA," "," "," "
"79","US1TXPS0002",2019,3,"MDPR",NA," "," "," ",NA," "," "," ",0," "," ","N",NA," "," "," ",NA," "," "," ",NA," "," "," ",0," ","L","N",NA," "," "," ",NA," "," "," ",NA," "," "," ",NA," "," "," ",NA," "," "," ",NA," "," "," ",NA," "," "," ",NA," "," "," ",NA," "," "," ",NA," "," "," ",NA," "," "," ",NA," "," "," ",NA," "," "," ",NA," "," "," ",NA," "," "," ",NA," "," "," ",NA," "," "," ",NA," "," "," ",NA," "," "," ",NA," "," "," ",NA," "," "," ",NA," "," "," ",NA," "," "," ",NA," "," "," "
"80","US1TXPS0002",2019,4,"PRCP",0," "," ","N",0," "," ","N",0," "," ","N",0," "," ","N",0," "," ","N",0," "," ","N",0," "," ","N",0," "," ","N",0," "," ","N",0," "," ","N",0," "," ","N",0," "," ","N",0," "," ","N",0," "," ","N",0," "," ","N",0," "," ","N",0," "," ","N",0," "," ","N",0," "," ","N",0," "," ","N",0," "," ","N",0," "," ","N",0," "," ","N",0," "," ","N",0," "," ","N",0," "," ","N",0," "," ","N",NA," "," "," ",NA," "," "," ",NA," "," "," ",NA," "," "," "
"81","US1TXPS0002",2019,4,"SNOW",0," "," ","N",0," "," ","N",0," "," ","N",0," "," ","N",0," "," ","N",0," "," ","N",0," "," ","N",0," "," ","N",0," "," ","N",0," "," ","N",0," "," ","N",0," "," ","N",0," "," ","N",0," "," ","N",0," "," ","N",0," "," ","N",0," "," ","N",0," "," ","N",0," "," ","N",0," "," ","N",0," "," ","N",0," "," ","N",0," "," ","N",0," "," ","N",0," "," ","N",0," "," ","N",0," "," ","N",NA," "," "," ",NA," "," "," ",NA," "," "," ",NA," "," "," "
"82","US1TXPS0002",2019,5,"PRCP",NA," "," "," ",NA," "," "," ",NA," "," "," ",NA," "," "," ",0," "," ","N",3," "," ","N",0," "," ","N",0," "," ","N",0," "," ","N",0," "," ","N",0," "," ","N",0," "," ","N",13," "," ","N",0," "," ","N",0," "," ","N",0," "," ","N",0," "," ","N",0," "," ","N",0," "," ","N",0," "," ","N",0," "," ","N",NA," "," "," ",NA," "," "," ",NA," "," "," ",NA," "," "," ",NA," "," "," ",NA," "," "," ",NA," "," "," ",NA," "," "," ",NA," "," "," ",NA," "," "," "
"83","US1TXPS0002",2019,5,"SNOW",NA," "," "," ",NA," "," "," ",NA," "," "," ",NA," "," "," ",0," "," ","N",NA," "," "," ",0," "," ","N",0," "," ","N",0," "," ","N",0," "," ","N",0," "," ","N",0," "," ","N",NA," "," "," ",0," "," ","N",0," "," ","N",0," "," ","N",0," "," ","N",0," "," ","N",0," "," ","N",0," "," ","N",0," "," ","N",NA," "," "," ",NA," "," "," ",NA," "," "," ",NA," "," "," ",NA," "," "," ",NA," "," "," ",NA," "," "," ",NA," "," "," ",NA," "," "," ",NA," "," "," "
"84","US1TXPS0002",2019,5,"DAPR",NA," "," "," ",NA," "," "," ",NA," "," "," ",7," "," ","N",NA," "," "," ",NA," "," "," ",NA," "," "," ",NA," "," "," ",NA," "," "," ",NA," "," "," ",NA," "," "," ",NA," "," "," ",NA," "," "," ",NA," "," "," ",NA," "," "," ",NA," "," "," ",NA," "," "," ",NA," "," "," ",NA," "," "," ",NA," "," "," ",NA," "," "," ",NA," "," "," ",NA," "," "," ",NA," "," "," ",NA," "," "," ",NA," "," "," ",NA," "," "," ",NA," "," "," ",NA," "," "," ",NA," "," "," ",10," "," ","N"
"85","US1TXPS0002",2019,5,"MDPR",NA," "," "," ",NA," "," "," ",NA," "," "," ",0," "," ","N",NA," "," "," ",NA," "," "," ",NA," "," "," ",NA," "," "," ",NA," "," "," ",NA," "," "," ",NA," "," "," ",NA," "," "," ",NA," "," "," ",NA," "," "," ",NA," "," "," ",NA," "," "," ",NA," "," "," ",NA," "," "," ",NA," "," "," ",NA," "," "," ",NA," "," "," ",NA," "," "," ",NA," "," "," ",NA," "," "," ",NA," "," "," ",NA," "," "," ",NA," "," "," ",NA," "," "," ",NA," "," "," ",NA," "," "," ",0," "," ","N"
"86","US1TXPS0002",2019,6,"PRCP",3," "," ","N",257," "," ","N",86," "," ","N",323," "," ","N",3," "," ","N",NA," "," "," ",NA," "," "," ",NA," "," "," ",NA," "," "," ",64," "," ","N",NA," "," "," ",NA," "," "," ",NA," "," "," ",18," "," ","N",3," "," ","N",0," "," ","N",61," "," ","N",13," "," ","N",NA," "," "," ",NA," "," "," ",NA," "," "," ",NA," "," "," ",NA," "," "," ",NA," "," "," ",NA," "," "," ",NA," "," "," ",NA," "," "," ",NA," "," "," ",NA," "," "," ",0," "," ","N",NA," "," "," "
"87","US1TXPS0002",2019,6,"SNOW",NA," "," "," ",NA," "," "," ",NA," "," "," ",NA," "," "," ",NA," "," "," ",NA," "," "," ",NA," "," "," ",NA," "," "," ",NA," "," "," ",NA," "," "," ",NA," "," "," ",NA," "," "," ",NA," "," "," ",NA," "," "," ",NA," "," "," ",0," "," ","N",NA," "," "," ",NA," "," "," ",NA," "," "," ",NA," "," "," ",NA," "," "," ",NA," "," "," ",NA," "," "," ",NA," "," "," ",NA," "," "," ",NA," "," "," ",NA," "," "," ",NA," "," "," ",NA," "," "," ",0," "," ","N",NA," "," "," "
"88","US1TXPS0002",2019,6,"DAPR",NA," "," "," ",NA," "," "," ",NA," "," "," ",NA," "," "," ",NA," "," "," ",NA," "," "," ",NA," "," "," ",NA," "," "," ",NA," "," "," ",NA," "," "," ",NA," "," "," ",NA," "," "," ",3," "," ","N",NA," "," "," ",NA," "," "," ",NA," "," "," ",NA," "," "," ",NA," "," "," ",NA," "," "," ",NA," "," "," ",NA," "," "," ",NA," "," "," ",NA," "," "," ",NA," "," "," ",NA," "," "," ",NA," "," "," ",NA," "," "," ",NA," "," "," ",11," "," ","N",NA," "," "," ",NA," "," "," "
"89","US1TXPS0002",2019,6,"MDPR",NA," "," "," ",NA," "," "," ",NA," "," "," ",NA," "," "," ",NA," "," "," ",NA," "," "," ",NA," "," "," ",NA," "," "," ",NA," "," "," ",NA," "," "," ",NA," "," "," ",NA," "," "," ",0," "," ","N",NA," "," "," ",NA," "," "," ",NA," "," "," ",NA," "," "," ",NA," "," "," ",NA," "," "," ",NA," "," "," ",NA," "," "," ",NA," "," "," ",NA," "," "," ",NA," "," "," ",NA," "," "," ",NA," "," "," ",NA," "," "," ",NA," "," "," ",0," "," ","N",NA," "," "," ",NA," "," "," "
"90","US1TXPS0002",2019,7,"PRCP",0," "," ","N",0," "," ","N",5," "," ","N",5," "," ","N",0," "," ","N",74," "," ","N",150," "," ","N",56," "," ","N",NA," "," "," ",NA," "," "," ",NA," "," "," ",NA," "," "," ",NA," "," "," ",NA," "," "," ",NA," "," "," ",NA," "," "," ",NA," "," "," ",NA," "," "," ",NA," "," "," ",NA," "," "," ",0," "," ","N",0," "," ","N",0," "," ","N",0," "," ","N",0," "," ","N",0," "," ","N",0," "," ","N",0," "," ","N",0," "," ","N",0," "," ","N",0," "," ","N"
"91","US1TXPS0002",2019,7,"SNOW",0," "," ","N",0," "," ","N",0," "," ","N",0," "," ","N",0," "," ","N",NA," "," "," ",NA," "," "," ",0," "," ","N",NA," "," "," ",NA," "," "," ",NA," "," "," ",NA," "," "," ",NA," "," "," ",NA," "," "," ",NA," "," "," ",NA," "," "," ",NA," "," "," ",NA," "," "," ",NA," "," "," ",NA," "," "," ",0," "," ","N",0," "," ","N",0," "," ","N",0," "," ","N",0," "," ","N",0," "," ","N",0," "," ","N",0," "," ","N",0," "," ","N",0," "," ","N",0," "," ","N"
"92","US1TXPS0002",2019,7,"DAPR",NA," "," "," ",NA," "," "," ",NA," "," "," ",NA," "," "," ",NA," "," "," ",NA," "," "," ",NA," "," "," ",NA," "," "," ",NA," "," "," ",NA," "," "," ",NA," "," "," ",NA," "," "," ",NA," "," "," ",NA," "," "," ",NA," "," "," ",NA," "," "," ",NA," "," "," ",NA," "," "," ",NA," "," "," ",12," "," ","N",NA," "," "," ",NA," "," "," ",NA," "," "," ",NA," "," "," ",NA," "," "," ",NA," "," "," ",NA," "," "," ",NA," "," "," ",NA," "," "," ",NA," "," "," ",NA," "," "," "
"93","US1TXPS0002",2019,7,"MDPR",NA," "," "," ",NA," "," "," ",NA," "," "," ",NA," "," "," ",NA," "," "," ",NA," "," "," ",NA," "," "," ",NA," "," "," ",NA," "," "," ",NA," "," "," ",NA," "," "," ",NA," "," "," ",NA," "," "," ",NA," "," "," ",NA," "," "," ",NA," "," "," ",NA," "," "," ",NA," "," "," ",NA," "," "," ",0," "," ","N",NA," "," "," ",NA," "," "," ",NA," "," "," ",NA," "," "," ",NA," "," "," ",NA," "," "," ",NA," "," "," ",NA," "," "," ",NA," "," "," ",NA," "," "," ",NA," "," "," "
"94","US1TXPS0002",2019,8,"PRCP",0," "," ","N",0," "," ","N",0," "," ","N",10," "," ","N",0," "," ","N",0," "," ","N",0," "," ","N",0," "," ","N",152," "," ","N",0," "," ","N",0," "," ","N",0," "," ","N",0," "," ","N",3," "," ","N",0," "," ","N",0," "," ","N",0," "," ","N",0," "," ","N",0," "," ","N",0," "," ","N",0," "," ","N",0," "," ","N",137," "," ","N",3," "," ","N",18," "," ","N",0," "," ","N",0," "," ","N",18," "," ","N",0," "," ","N",0," "," ","N",112," "," ","N"
"95","US1TXPS0002",2019,8,"SNOW",0," "," ","N",0," "," ","N",0," "," ","N",NA," "," "," ",0," "," ","N",0," "," ","N",0," "," ","N",0," "," ","N",NA," "," "," ",0," "," ","N",0," "," ","N",0," "," ","N",0," "," ","N",NA," "," "," ",0," "," ","N",0," "," ","N",0," "," ","N",0," "," ","N",0," "," ","N",0," "," ","N",0," "," ","N",0," "," ","N",NA," "," "," ",NA," "," "," ",NA," "," "," ",0," "," ","N",0," "," ","N",NA," "," "," ",0," "," ","N",0," "," ","N",0," "," ","N"
"96","US1TXPS0002",2019,9,"PRCP",0," "," ","N",20," "," ","N",0," "," ","N",0," "," ","N",0," "," ","N",0," "," ","N",0," "," ","N",0," "," ","N",51," "," ","N",43," "," ","N",0," "," ","N",0," "," ","N",124," "," ","N",0," "," ","N",0," "," ","N",0," "," ","N",0," "," ","N",0," "," ","N",0," "," ","N",0," "," ","N",135," "," ","N",305," "," ","N",3," "," ","N",0," "," ","N",0," "," ","N",0," "," ","N",3," "," ","N",0," "," ","N",0," "," ","N",0," "," ","N",NA," "," "," "
"97","US1TXPS0002",2019,9,"SNOW",0," "," ","N",0," "," ","N",0," "," ","N",0," "," ","N",0," "," ","N",0," "," ","N",0," "," ","N",0," "," ","N",NA," "," "," ",NA," "," "," ",0," "," ","N",0," "," ","N",NA," "," "," ",0," "," ","N",0," "," ","N",0," "," ","N",0," "," ","N",0," "," ","N",0," "," ","N",0," "," ","N",NA," "," "," ",NA," "," "," ",NA," "," "," ",0," "," ","N",0," "," ","N",0," "," ","N",NA," "," "," ",0," "," ","N",0," "," ","N",0," "," ","N",NA," "," "," "
"98","US1TXPS0002",2019,10,"PRCP",41," "," ","N",0," "," ","N",38," "," ","N",0," "," ","N",0," "," ","N",0," "," ","N",0," "," ","N",0," "," ","N",0," "," ","N",0," "," ","N",0," "," ","N",0," "," ","N",0," "," ","N",81," "," ","N",8," "," ","N",NA," "," "," ",NA," "," "," ",NA," "," "," ",NA," "," "," ",NA," "," "," ",NA," "," "," ",NA," "," "," ",NA," "," "," ",NA," "," "," ",NA," "," "," ",NA," "," "," ",NA," "," "," ",NA," "," "," ",NA," "," "," ",NA," "," "," ",NA," "," "," "
"99","US1TXPS0002",2019,10,"SNOW",NA," "," "," ",0," "," ","N",NA," "," "," ",0," "," ","N",0," "," ","N",0," "," ","N",0," "," ","N",0," "," ","N",0," "," ","N",0," "," ","N",0," "," ","N",0," "," ","N",0," "," ","N",NA," "," "," ",NA," "," "," ",NA," "," "," ",NA," "," "," ",NA," "," "," ",NA," "," "," ",NA," "," "," ",NA," "," "," ",NA," "," "," ",NA," "," "," ",NA," "," "," ",NA," "," "," ",NA," "," "," ",NA," "," "," ",NA," "," "," ",NA," "," "," ",NA," "," "," ",NA," "," "," "
"100","US1TXPS0002",2019,11,"PRCP",NA," "," "," ",NA," "," "," ",NA," "," "," ",NA," "," "," ",NA," "," "," ",0," "," ","N",48," "," ","N",18," "," ","N",0," "," ","N",NA," "," "," ",NA," "," "," ",NA," "," "," ",NA," "," "," ",NA," "," "," ",NA," "," "," ",NA," "," "," ",NA," "," "," ",NA," "," "," ",NA," "," "," ",NA," "," "," ",NA," "," "," ",NA," "," "," ",NA," "," "," ",0," ","L","N",NA," "," "," ",5," "," ","N",NA," "," "," ",36," "," ","N",0," "," ","N",3," "," ","N",NA," "," "," "
"101","US1TXPS0002",2019,11,"SNOW",NA," "," "," ",NA," "," "," ",NA," "," "," ",NA," "," "," ",NA," "," "," ",0," "," ","N",NA," "," "," ",NA," "," "," ",0," "," ","N",NA," "," "," ",NA," "," "," ",NA," "," "," ",NA," "," "," ",NA," "," "," ",NA," "," "," ",NA," "," "," ",NA," "," "," ",NA," "," "," ",NA," "," "," ",NA," "," "," ",NA," "," "," ",NA," "," "," ",NA," "," "," ",0," "," ","N",NA," "," "," ",NA," "," "," ",NA," "," "," ",NA," "," "," ",0," "," ","N",0," "," ","N",NA," "," "," "
"102","US1TXPS0002",2019,11,"DAPR",NA," "," "," ",NA," "," "," ",NA," "," "," ",NA," "," "," ",21," "," ","N",NA," "," "," ",NA," "," "," ",NA," "," "," ",NA," "," "," ",NA," "," "," ",NA," "," "," ",NA," "," "," ",NA," "," "," ",NA," "," "," ",NA," "," "," ",NA," "," "," ",NA," "," "," ",NA," "," "," ",NA," "," "," ",NA," "," "," ",NA," "," "," ",NA," "," "," ",NA," "," "," ",15," ","L","N",NA," "," "," ",NA," "," "," ",NA," "," "," ",NA," "," "," ",NA," "," "," ",NA," "," "," ",NA," "," "," "
"103","US1TXPS0002",2019,11,"MDPR",NA," "," "," ",NA," "," "," ",NA," "," "," ",NA," "," "," ",0," "," ","N",NA," "," "," ",NA," "," "," ",NA," "," "," ",NA," "," "," ",NA," "," "," ",NA," "," "," ",NA," "," "," ",NA," "," "," ",NA," "," "," ",NA," "," "," ",NA," "," "," ",NA," "," "," ",NA," "," "," ",NA," "," "," ",NA," "," "," ",NA," "," "," ",NA," "," "," ",NA," "," "," ",38," ","L","N",NA," "," "," ",NA," "," "," ",NA," "," "," ",NA," "," "," ",NA," "," "," ",NA," "," "," ",NA," "," "," "
"104","US1TXPS0002",2019,12,"PRCP",0," "," ","N",NA," "," "," ",NA," "," "," ",NA," "," "," ",NA," "," "," ",NA," "," "," ",NA," "," "," ",0," "," ","N",0," "," ","N",185," "," ","N",0," "," ","N",3," "," ","N",0," "," ","N",0," "," ","N",0," "," ","N",0," "," ","N",0," "," ","N",0," "," ","N",0," "," ","N",0," "," ","N",0," "," ","N",0," "," ","N",0," "," ","N",0," "," ","N",NA," "," "," ",NA," "," "," ",NA," "," "," ",NA," "," "," ",NA," "," "," ",NA," "," "," ",NA," "," "," "
"105","US1TXPS0002",2019,12,"SNOW",0," "," ","N",NA," "," "," ",NA," "," "," ",NA," "," "," ",NA," "," "," ",NA," "," "," ",NA," "," "," ",0," "," ","N",0," "," ","N",NA," "," "," ",0," "," ","N",NA," "," "," ",0," "," ","N",0," "," ","N",0," "," ","N",0," "," ","N",0," "," ","N",0," "," ","N",0," "," ","N",0," "," ","N",0," "," ","N",0," "," ","N",0," "," ","N",0," "," ","N",NA," "," "," ",NA," "," "," ",NA," "," "," ",NA," "," "," ",NA," "," "," ",NA," "," "," ",NA," "," "," "
"106","US1TXPS0002",2019,12,"DAPR",NA," "," "," ",NA," "," "," ",NA," "," "," ",NA," "," "," ",NA," "," "," ",NA," "," "," ",6," "," ","N",NA," "," "," ",NA," "," "," ",NA," "," "," ",NA," "," "," ",NA," "," "," ",NA," "," "," ",NA," "," "," ",NA," "," "," ",NA," "," "," ",NA," "," "," ",NA," "," "," ",NA," "," "," ",NA," "," "," ",NA," "," "," ",NA," "," "," ",NA," "," "," ",NA," "," "," ",NA," "," "," ",NA," "," "," ",NA," "," "," ",NA," "," "," ",NA," "," "," ",NA," "," "," ",7," "," ","N"
"107","US1TXPS0002",2019,12,"MDPR",NA," "," "," ",NA," "," "," ",NA," "," "," ",NA," "," "," ",NA," "," "," ",NA," "," "," ",0," "," ","N",NA," "," "," ",NA," "," "," ",NA," "," "," ",NA," "," "," ",NA," "," "," ",NA," "," "," ",NA," "," "," ",NA," "," "," ",NA," "," "," ",NA," "," "," ",NA," "," "," ",NA," "," "," ",NA," "," "," ",NA," "," "," ",NA," "," "," ",NA," "," "," ",NA," "," "," ",NA," "," "," ",NA," "," "," ",NA," "," "," ",NA," "," "," ",NA," "," "," ",NA," "," "," ",0," "," ","N"
"108","US1TXPS0002",2020,1,"PRCP",0," "," ","N",0," "," ","N",10," "," ","N",3," "," ","N",NA," "," "," ",NA," "," "," ",NA," "," "," ",NA," "," "," ",NA," "," "," ",NA," "," "," ",NA," "," "," ",NA," "," "," ",NA," "," "," ",NA," "," "," ",NA," "," "," ",NA," "," "," ",66," "," ","N",3," "," ","N",0," "," ","N",0," "," ","N",0," "," ","N",3," "," ","N",0," "," ","N",0," "," ","N",0," "," ","N",0," "," ","N",0," "," ","N",10," "," ","N",0," "," ","N",0," "," ","N",0," "," ","N"
"109","US1TXPS0002",2020,1,"SNOW",0," "," ","N",0," "," ","N",NA," "," "," ",NA," "," "," ",NA," "," "," ",NA," "," "," ",NA," "," "," ",NA," "," "," ",NA," "," "," ",NA," "," "," ",NA," "," "," ",NA," "," "," ",NA," "," "," ",NA," "," "," ",NA," "," "," ",NA," "," "," ",NA," "," "," ",NA," "," "," ",0," "," ","N",0," "," ","N",0," "," ","N",0," "," ","N",0," "," ","N",0," "," ","N",0," "," ","N",0," "," ","N",0," "," ","N",NA," "," "," ",0," "," ","N",0," "," ","N",0," "," ","N"
"110","US1TXPS0002",2020,1,"DAPR",NA," "," "," ",NA," "," "," ",NA," "," "," ",NA," "," "," ",NA," "," "," ",NA," "," "," ",NA," "," "," ",NA," "," "," ",NA," "," "," ",NA," "," "," ",NA," "," "," ",NA," "," "," ",NA," "," "," ",NA," "," "," ",NA," "," "," ",12," "," ","N",NA," "," "," ",NA," "," "," ",NA," "," "," ",NA," "," "," ",NA," "," "," ",NA," "," "," ",NA," "," "," ",NA," "," "," ",NA," "," "," ",NA," "," "," ",NA," "," "," ",NA," "," "," ",NA," "," "," ",NA," "," "," ",NA," "," "," "
"111","US1TXPS0002",2020,1,"MDPR",NA," "," "," ",NA," "," "," ",NA," "," "," ",NA," "," "," ",NA," "," "," ",NA," "," "," ",NA," "," "," ",NA," "," "," ",NA," "," "," ",NA," "," "," ",NA," "," "," ",NA," "," "," ",NA," "," "," ",NA," "," "," ",NA," "," "," ",0," "," ","N",NA," "," "," ",NA," "," "," ",NA," "," "," ",NA," "," "," ",NA," "," "," ",NA," "," "," ",NA," "," "," ",NA," "," "," ",NA," "," "," ",NA," "," "," ",NA," "," "," ",NA," "," "," ",NA," "," "," ",NA," "," "," ",NA," "," "," "
"112","US1TXPS0002",2020,2,"PRCP",0," "," ","N",0," "," ","N",0," "," ","N",8," "," ","N",13," "," ","N",8," "," ","N",0," "," ","N",0," "," ","N",0," "," ","N",30," "," ","N",0," "," ","N",0," "," ","N",8," "," ","N",0," "," ","N",0," "," ","N",0," "," ","N",0," "," ","N",0," "," ","N",0,"T"," ","N",13," "," ","N",0," "," ","N",0," "," ","N",0," "," ","N",0," "," ","N",0," "," ","N",0," "," ","N",0," "," ","N",0," "," ","N",0," "," ","N",NA," "," "," ",NA," "," "," "
"113","US1TXPS0002",2020,2,"SNOW",0," "," ","N",0," "," ","N",0," "," ","N",NA," "," "," ",NA," "," "," ",NA," "," "," ",0," "," ","N",0," "," ","N",0," "," ","N",51," "," ","N",0," "," ","N",0," "," ","N",0," "," ","N",0," "," ","N",0," "," ","N",0," "," ","N",0," "," ","N",0," "," ","N",NA," "," "," ",NA," "," "," ",0," "," ","N",0," "," ","N",0," "," ","N",0," "," ","N",0," "," ","N",0," "," ","N",0," "," ","N",0," "," ","N",0," "," ","N",NA," "," "," ",NA," "," "," "
"114","US1TXPS0002",2020,2,"SNWD",NA," "," "," ",NA," "," "," ",NA," "," "," ",NA," "," "," ",NA," "," "," ",NA," "," "," ",NA," "," "," ",NA," "," "," ",NA," "," "," ",51," "," ","N",NA," "," "," ",NA," "," "," ",NA," "," "," ",NA," "," "," ",NA," "," "," ",NA," "," "," ",NA," "," "," ",NA," "," "," ",NA," "," "," ",NA," "," "," ",NA," "," "," ",NA," "," "," ",NA," "," "," ",NA," "," "," ",NA," "," "," ",NA," "," "," ",NA," "," "," ",NA," "," "," ",NA," "," "," ",NA," "," "," ",NA," "," "," "
"115","US1TXPS0002",2020,3,"PRCP",0," "," ","N",0," "," ","N",0," "," ","N",36," "," ","N",0," "," ","N",0," "," ","N",0," "," ","N",0," "," ","N",43," "," ","N",0," "," ","N",0," "," ","N",0," "," ","N",0," "," ","N",0," "," ","N",0," "," ","N",0," "," ","N",0," "," ","N",0," "," ","N",3," "," ","N",0," "," ","N",0," "," ","N",0," "," ","N",0," "," ","N",0," "," ","N",0," "," ","N",0," "," ","N",0," "," ","N",0," "," ","N",0," "," ","N",0," "," ","N",0," "," ","N"
"116","US1TXPS0002",2020,3,"SNOW",0," "," ","N",0," "," ","N",0," "," ","N",NA," "," "," ",0," "," ","N",0," "," ","N",0," "," ","N",0," "," ","N",NA," "," "," ",0," "," ","N",0," "," ","N",0," "," ","N",0," "," ","N",0," "," ","N",0," "," ","N",0," "," ","N",0," "," ","N",0," "," ","N",NA," "," "," ",0," "," ","N",0," "," ","N",0," "," ","N",0," "," ","N",0," "," ","N",0," "," ","N",0," "," ","N",0," "," ","N",0," "," ","N",0," "," ","N",0," "," ","N",0," "," ","N"
"117","US1TXPS0002",2020,4,"PRCP",0," "," ","N",0," "," ","N",0," "," ","N",0," "," ","N",0,"T"," ","N",5," "," ","N",20," "," ","N",0," "," ","N",0," "," ","N",0," "," ","N",0," "," ","N",0," "," ","N",0," "," ","N",0," "," ","N",0," "," ","N",0," "," ","N",0," "," ","N",0," "," ","N",0," "," ","N",0," "," ","N",0," "," ","N",0," "," ","N",0," "," ","N",NA," "," "," ",NA," "," "," ",NA," "," "," ",NA," "," "," ",NA," "," "," ",NA," "," "," ",NA," "," "," ",NA," "," "," "
"118","US1TXPS0002",2020,4,"SNOW",0," "," ","N",0," "," ","N",0," "," ","N",0," "," ","N",NA," "," "," ",0," "," ","N",NA," "," "," ",0," "," ","N",0," "," ","N",0," "," ","N",0," "," ","N",0," "," ","N",0," "," ","N",0," "," ","N",0," "," ","N",0," "," ","N",0," "," ","N",0," "," ","N",0," "," ","N",0," "," ","N",0," "," ","N",0," "," ","N",0," "," ","N",NA," "," "," ",NA," "," "," ",NA," "," "," ",NA," "," "," ",NA," "," "," ",NA," "," "," ",NA," "," "," ",NA," "," "," "
"119","US1TXPS0002",2020,5,"PRCP",NA," "," "," ",NA," "," "," ",NA," "," "," ",NA," "," "," ",0," "," ","N",0," "," ","N",0," "," ","N",NA," "," "," ",0," "," ","N",0," "," ","N",18," "," ","N",36," "," ","N",0," "," ","N",0," "," ","N",0," "," ","N",0," "," ","N",0," "," ","N",0," "," ","N",3," "," ","N",0," "," ","N",0," "," ","N",0," "," ","N",0," "," ","N",0," "," ","N",0," "," ","N",0," "," ","N",0," "," ","N",0," "," ","N",36," "," ","N",0," "," ","N",0," "," ","N"
"120","US1TXPS0002",2020,5,"SNOW",NA," "," "," ",NA," "," "," ",NA," "," "," ",NA," "," "," ",0," "," ","N",0," "," ","N",0," "," ","N",NA," "," "," ",0," "," ","N",0," "," ","N",NA," "," "," ",0," "," ","N",0," "," ","N",0," "," ","N",0," "," ","N",0," "," ","N",0," "," ","N",0," "," ","N",NA," "," "," ",0," "," ","N",0," "," ","N",0," "," ","N",0," "," ","N",0," "," ","N",0," "," ","N",0," "," ","N",0," "," ","N",0," "," ","N",NA," "," "," ",0," "," ","N",0," "," ","N"
"121","US1TXPS0002",2020,5,"DAPR",NA," "," "," ",NA," "," "," ",NA," "," "," ",11," "," ","N",NA," "," "," ",NA," "," "," ",NA," "," "," ",NA," "," "," ",NA," "," "," ",NA," "," "," ",NA," "," "," ",NA," "," "," ",NA," "," "," ",NA," "," "," ",NA," "," "," ",NA," "," "," ",NA," "," "," ",NA," "," "," ",NA," "," "," ",NA," "," "," ",NA," "," "," ",NA," "," "," ",NA," "," "," ",NA," "," "," ",NA," "," "," ",NA," "," "," ",NA," "," "," ",NA," "," "," ",NA," "," "," ",NA," "," "," ",NA," "," "," "
"122","US1TXPS0002",2020,5,"MDPR",NA," "," "," ",NA," "," "," ",NA," "," "," ",0," "," ","N",NA," "," "," ",NA," "," "," ",NA," "," "," ",NA," "," "," ",NA," "," "," ",NA," "," "," ",NA," "," "," ",NA," "," "," ",NA," "," "," ",NA," "," "," ",NA," "," "," ",NA," "," "," ",NA," "," "," ",NA," "," "," ",NA," "," "," ",NA," "," "," ",NA," "," "," ",NA," "," "," ",NA," "," "," ",NA," "," "," ",NA," "," "," ",NA," "," "," ",NA," "," "," ",NA," "," "," ",NA," "," "," ",NA," "," "," ",NA," "," "," "
"123","US1TXPS0002",2020,6,"PRCP",0," "," ","N",0," "," ","N",8," "," ","N",0," "," ","N",0," "," ","N",0," "," ","N",0," "," ","N",NA," "," "," ",NA," "," "," ",NA," "," "," ",NA," "," "," ",NA," "," "," ",NA," "," "," ",NA," "," "," ",0," "," ","N",0," "," ","N",0,"T"," ","N",NA," "," "," ",NA," "," "," ",NA," "," "," ",NA," "," "," ",NA," "," "," ",NA," "," "," ",NA," "," "," ",NA," "," "," ",NA," "," "," ",NA," "," "," ",NA," "," "," ",NA," "," "," ",NA," "," "," ",NA," "," "," "
"124","US1TXPS0002",2020,6,"SNOW",0," "," ","N",0," "," ","N",NA," "," "," ",0," "," ","N",0," "," ","N",0," "," ","N",0," "," ","N",NA," "," "," ",NA," "," "," ",NA," "," "," ",NA," "," "," ",NA," "," "," ",NA," "," "," ",NA," "," "," ",0," "," ","N",0," "," ","N",NA," "," "," ",NA," "," "," ",NA," "," "," ",NA," "," "," ",NA," "," "," ",NA," "," "," ",NA," "," "," ",NA," "," "," ",NA," "," "," ",NA," "," "," ",NA," "," "," ",NA," "," "," ",NA," "," "," ",NA," "," "," ",NA," "," "," "
"125","US1TXPS0002",2020,6,"DAPR",NA," "," "," ",NA," "," "," ",NA," "," "," ",NA," "," "," ",NA," "," "," ",NA," "," "," ",NA," "," "," ",NA," "," "," ",NA," "," "," ",NA," "," "," ",NA," "," "," ",NA," "," "," ",NA," "," "," ",7," "," ","N",NA," "," "," ",NA," "," "," ",NA," "," "," ",NA," "," "," ",NA," "," "," ",NA," "," "," ",NA," "," "," ",NA," "," "," ",NA," "," "," ",NA," "," "," ",NA," "," "," ",NA," "," "," ",NA," "," "," ",NA," "," "," ",NA," "," "," ",NA," "," "," ",NA," "," "," "
"126","US1TXPS0002",2020,6,"MDPR",NA," "," "," ",NA," "," "," ",NA," "," "," ",NA," "," "," ",NA," "," "," ",NA," "," "," ",NA," "," "," ",NA," "," "," ",NA," "," "," ",NA," "," "," ",NA," "," "," ",NA," "," "," ",NA," "," "," ",0," "," ","N",NA," "," "," ",NA," "," "," ",NA," "," "," ",NA," "," "," ",NA," "," "," ",NA," "," "," ",NA," "," "," ",NA," "," "," ",NA," "," "," ",NA," "," "," ",NA," "," "," ",NA," "," "," ",NA," "," "," ",NA," "," "," ",NA," "," "," ",NA," "," "," ",NA," "," "," "
